trial,analysis,status,r1,@n1[dr],@rm[r],pk,npk,tpk,over,tr,q
1,tran,ok,24.5348205054,0.91962064256,1018.16902622,1.22587470677,2,0.000107080689285,0.225874706766,,
2,tran,ok,10.4013857186,-2.23727670569,969.632099409,1.54646928156,4,0.000100490845987,0.546469281559,,
3,tran,ok,21.1828413965,7.05127653696,1006.916445,1.28611461892,2,0.000104868548536,0.286114618915,,
4,tran,ok,38.0821575706,-0.559243859178,995.148912257,1.05089357614,1,0.000122629955211,0.0508935761374,,
5,tran,ok,15.9771796274,33.4906799874,1024.37294506,1.39990181928,2,0.000102314892518,0.399901819281,,
6,tran,ok,22.8351220045,-1.04909317636,1012.93019241,1.25527587676,2,0.000105901702631,0.255275876764,,
7,tran,ok,37.8826739758,-2.61353525082,996.282163161,1.05275760608,1,0.000122296086368,0.0527576060831,,
8,tran,ok,29.7566851425,9.08460268279,1021.92451702,1.14721675534,1,0.000111607403647,0.147216755337,,
9,tran,ok,26.6064545044,-17.0009155236,994.473435872,1.19068033263,1,0.000108654361864,0.190680332634,,
10,tran,ok,21.0186645951,-7.1788633966,1011.40665613,1.28887707057,2,0.00010476485952,0.288877070572,,
11,tran,ok,34.9539093048,-12.0244729658,968.443151966,1.08089474742,1,0.000117716686241,0.0808947474222,,
12,tran,ok,25.2938047317,-4.94782713916,1031.6078332,1.21362581348,1,0.000107659085291,0.213625813478,,
13,tran,ok,0.160008300506,16.7200781036,959.337720671,1.94253180534,5,9.93893232271e-05,0.942531805342,,
14,tran,ok,18.7866540625,-12.9538079421,1024.03980572,1.3347113726,2,0.000103571047864,0.334711372601,,
15,tran,ok,36.4267942816,-4.0058594703,984.705185783,1.06649111207,1,0.000119918067783,0.0664911120738,,
16,tran,ok,20.836502902,1.12986634046,1039.64792341,1.29383092031,2,0.000104677832499,0.293830920307,,
17,tran,ok,16.1977591607,10.175909834,1021.3624838,1.39361859557,2,0.000102394575086,0.393618595566,,
18,tran,ok,5.75768806074,2.84458046173,1003.3083319,1.70479245218,5,9.96674240983e-05,0.704792452178,,
19,tran,ok,4.50529581749,-8.12433575387,989.587889485,1.75179630138,5,9.95348626461e-05,0.751796301381,,
20,tran,ok,28.2724739406,-6.87197991926,1019.19569297,1.16726715429,1,0.000110153017433,0.167267154287,,
21,tran,ok,20.8990632145,-0.994714906805,1029.71432999,1.29215702885,2,0.000104708082676,0.292157028845,,
22,tran,ok,6.63499428315,-3.1996822623,1008.42949746,1.67263985277,5,9.97822733289e-05,0.672639852772,,
23,tran,ok,16.510438191,23.8947529377,997.302370993,1.38580613664,2,0.000102519569952,0.385806136644,,
24,tran,ok,36.4334600388,14.0640614432,981.398806513,1.06703737962,1,0.000119951442995,0.0670373796156,,
25,tran,ok,11.4342093927,5.65339712707,982.432165835,1.51673423068,3,0.000100758839008,0.51673423068,,
26,tran,ok,39.8188549183,14.2080787804,986.102826456,1.03557922772,1,0.000125853039404,0.0355792277225,,
27,tran,ok,24.0147799457,22.4121363312,1017.25744373,1.23543741862,2,0.000106713296154,0.235437418624,,
28,tran,ok,12.9973715367,12.73914906,1041.37429991,1.47576541278,3,0.000101239530818,0.47576541278,,
29,tran,ok,19.4664427706,-1.56857357442,997.180628621,1.31979668718,2,0.000103910631288,0.319796687184,,
30,tran,ok,11.7971782164,1.22130455314,1017.8288148,1.50765947865,3,0.000100868422556,0.507659478652,,
31,tran,ok,15.8763864104,10.8158287473,989.056730525,1.40004532818,2,0.00010225254842,0.400045328177,,
32,tran,ok,9.94104434588,3.49916798537,969.829711688,1.56088306284,4,0.000100385290781,0.560883062838,,
33,tran,ok,21.840186689,7.84885756166,973.707404477,1.27234198246,2,0.000105249411654,0.272341982456,,
34,tran,ok,8.64936883474,-6.42277716204,999.165775875,1.60296752092,5,0.00010011821085,0.602967520916,,
35,tran,ok,7.11109961863,-4.90591158378,960.462266145,1.65345004519,5,9.98449731737e-05,0.653450045185,,
36,tran,ok,11.6418774571,12.0841450374,985.573194866,1.51118497549,3,0.000100818809434,0.51118497549,,
37,tran,ok,16.46538257,5.90554924123,1013.90054542,1.38681222217,2,0.000102500253271,0.386812222173,,
38,tran,ok,12.8660412141,-3.99072613837,968.819491267,1.47559323257,3,0.000101170491154,0.475593232566,,
39,tran,ok,-2.73163757142,1.04591367073,996.858396835,3.17710869785,5,9.95506266427e-05,2.17710869785,,
40,tran,ok,27.0991990441,3.33006011539,1002.90177885,1.18437717933,1,0.000109103286479,0.18437717933,,
41,tran,ok,33.1115350017,7.88223931829,994.867446163,1.1036538697,1,0.000115346240115,0.103653869696,,
42,tran,ok,16.1281057996,-6.64583677575,1005.16370379,1.3939482207,2,0.000102353176739,0.393948220695,,
43,tran,ok,16.1317557037,-4.87390455587,1005.76566999,1.39395968996,2,0.000102355620854,0.393959689962,,
44,tran,ok,30.2841536057,2.50594986319,987.520777193,1.13850676342,1,0.000112105016142,0.138506763423,,
45,tran,ok,37.2393476732,9.86338634312,971.858512059,1.05844348305,1,0.000121205810753,0.0584434830487,,
46,tran,ok,13.586388804,13.6510966509,971.852006821,1.45721756305,3,0.000101409877174,0.457217563048,,
47,tran,ok,24.6724771528,-9.70559281198,993.514719996,1.2221548969,1,0.000107156885882,0.222154896899,,
48,tran,ok,1.19570965461,-1.95363210246,993.688107339,1.89403975266,5,9.93813689709e-05,0.894039752661,,
49,tran,ok,26.2873636913,4.62288300715,1015.10766196,1.19739696344,1,0.000108432138954,0.197396963437,,
50,tran,ok,10.9747666618,-4.71312576932,986.79991241,1.52989807531,4,0.000100635770664,0.529898075312,,
51,tran,ok,9.87014397061,11.4528565739,960.591190165,1.56302735437,4,0.00010036898913,0.563027354369,,
52,tran,ok,24.1956468859,1.05551399283,1003.92224094,1.23102124846,2,0.000106820755464,0.231021248463,,
53,tran,ok,22.5300826623,-8.1386390768,1027.37772011,1.26111226679,2,0.000105708761515,0.261112266785,,
54,tran,ok,26.7207462962,-6.81227751544,990.004050878,1.18916741502,1,0.00010875602704,0.189167415022,,
55,tran,ok,29.0786365386,-7.88239075329,995.261836203,1.15477447388,1,0.000110884780621,0.154774473879,,
56,tran,ok,5.5671760895,15.3981564547,1014.10210996,1.71295001109,5,9.96476057866e-05,0.71295001109,,
57,tran,ok,14.3407293814,3.02985766286,994.357995424,1.43810987035,3,0.000101673416836,0.438109870351,,
58,tran,ok,25.4027309339,-12.9832311107,993.54729977,1.21000707421,1,0.000107707564888,0.210007074205,,
59,tran,ok,17.1471657712,-5.19351955611,1038.92751753,1.37158594441,2,0.00010280046467,0.37158594441,,
60,tran,ok,17.9288777901,3.41060647151,984.756982213,1.35230772973,2,0.000103141637482,0.352307729731,,
61,tran,ok,6.77182629377,12.0044674541,954.238818125,1.66596326283,5,9.97961900384e-05,0.665963262828,,
62,tran,ok,41.9993914823,13.0126995261,983.525471308,1.01770002602,1,0.000130461982273,0.0177000260176,,
63,tran,ok,18.2879973352,8.57642981728,962.675463247,1.34374742525,2,0.000103305330881,0.343747425249,,
64,tran,ok,31.1009752764,-1.69868167492,1028.64077377,1.12928139991,1,0.000113014438777,0.129281399907,,
65,tran,ok,32.2388995772,1.64660829273,979.147518771,1.11320346316,1,0.000114258437269,0.113203463165,,
66,tran,ok,20.4450970435,-0.193972742357,1050.84571523,1.30198797419,2,0.000104464296669,0.301987974193,,
67,tran,ok,29.526287559,7.73542687251,1021.17842485,1.15027199195,1,0.00011137269459,0.150271991946,,
68,tran,ok,24.6256356686,-5.0507211448,981.029160262,1.22260587091,1,0.000107115917852,0.222605870914,,
69,tran,ok,31.0494240664,-13.271413628,1049.23554808,1.13027925352,1,0.000112966114279,0.130279253516,,
70,tran,ok,19.0674008686,0.701904558155,1034.06272168,1.32969863009,2,0.000103724440259,0.329698630085,,
71,tran,ok,2.09566807484,5.29894233505,1024.9154712,1.85497620404,5,9.93973719769e-05,0.854976204037,,
72,tran,ok,21.2222403153,-2.1800945333,1021.4604849,1.28557064226,2,0.000104895288711,0.285570642256,,
73,tran,ok,30.0318773258,17.8047330325,1007.98496557,1.14330097276,1,0.000111882492383,0.143300972761,,
74,tran,ok,36.200658133,-19.3555118179,996.673801897,1.0686537438,1,0.000119567079276,0.0686537437978,,
75,tran,ok,21.8079588586,-0.624753392446,986.809287706,1.27313982325,2,0.000105232418007,0.273139823251,,
76,tran,ok,20.173958025,5.27422943557,971.70575224,1.30452242502,2,0.00010427658399,0.304522425018,,
77,tran,ok,12.495761574,2.22986796284,949.020612302,1.48510497585,3,0.000101052366094,0.485104975853,,
78,tran,ok,26.6791712346,-5.19409109139,982.156176782,1.18953928783,1,0.000108714835921,0.189539287834,,
79,tran,ok,29.6244209604,1.39812774553,1030.97322692,1.14906534779,1,0.000111474896518,0.149065347785,,
80,tran,ok,0.289076779861,7.00280713402,1022.86725637,1.93877815128,5,9.93858843519e-05,0.93877815128,,
81,tran,ok,25.483065421,2.68229046779,953.253593349,1.20764745549,1,0.000107749186956,0.20764745549,,
82,tran,ok,3.5000812723,-9.09061147322,955.018342691,1.79075949068,5,9.94570320887e-05,0.79075949068,,
83,tran,ok,20.045531025,-7.82324827799,1044.78929498,1.30954102575,2,0.00010423916424,0.309541025752,,
84,tran,ok,16.3215454136,5.08760605921,1037.20624681,1.39109179941,2,0.000102449474731,0.391091799407,,
85,tran,ok,12.1544306199,-3.80089051267,1017.96996265,1.49737658354,3,0.00010097020509,0.497376583536,,
86,tran,ok,29.4717872428,-16.8901557254,1008.43419881,1.14954273262,1,0.000111281060388,0.149542732622,,
87,tran,ok,27.6330823073,1.32525101971,1015.79270374,1.17683376465,1,0.000109582415187,0.17683376465,,
88,tran,ok,-4.01051428481,-14.2889264836,1017.46916085,4.87898558803,5,9.96883580281e-05,3.87898558803,,
89,tran,ok,17.1040237104,-1.98061287228,995.223562887,1.37092217885,2,0.000102763249104,0.370922178853,,
90,tran,ok,21.8615019849,-2.12685076108,999.66737915,1.27260723099,2,0.000105272768468,0.27260723099,,
91,tran,ok,20.1321107439,-9.78224809545,960.48033202,1.304218221,2,0.000104238623329,0.304218221004,,
92,tran,ok,19.6020263181,-2.02506167498,999.508615902,1.31706732364,2,0.000103982567131,0.317067323642,,
93,tran,ok,40.3077959509,6.11984271458,976.343239611,1.03064921188,1,0.000126773863296,0.0306492118822,,
94,tran,ok,20.9664274135,-1.66715197604,1011.13206113,1.29009569583,2,0.000104736944308,0.290095695834,,
95,tran,ok,38.5195206152,-2.76673942566,1019.76594671,1.0477881967,1,0.000123454334308,0.0477881966951,,
96,tran,ok,23.0202159365,-8.36602968629,1026.69807717,1.25219130001,2,0.000106027124695,0.252191300011,,
97,tran,ok,15.9800013345,0.290859478943,1002.46622696,1.39767124136,2,0.000102295133018,0.39767124136,,
98,tran,ok,23.8357132389,-10.3268913814,1013.51654192,1.23713331252,2,0.000106564396004,0.237133312516,,
99,tran,ok,24.9704872239,-17.7663746107,1000.82497478,1.21718711244,1,0.000107379976741,0.217187112439,,
100,tran,ok,28.206189799,3.86381190345,1004.72795064,1.16808459268,1,0.000110089509399,0.16808459268,,
101,tran,ok,20.6310036035,2.07658781353,1014.42974207,1.2969726639,2,0.000104549671541,0.296972663901,,
102,tran,ok,14.3254420486,-8.34003919079,1009.51834657,1.43866132497,3,0.000101669340959,0.438661324974,,
103,tran,ok,9.7705932016,-2.96581502089,1008.77523586,1.56762646167,4,0.000100354420905,0.567626461667,,
104,tran,ok,8.32689176687,14.109624538,1009.84983675,1.61496964317,5,0.000100062809955,0.614969643171,,
105,tran,ok,26.2908526469,2.64326873983,1011.28715646,1.19711678085,1,0.00010843043637,0.197116780846,,
106,tran,ok,30.3947115525,4.07330369373,1030.30268074,1.13876850392,1,0.000112263733969,0.138768503919,,
107,tran,ok,16.1953706336,-3.84393647413,979.468108429,1.39136930756,2,0.000102370945466,0.391369307558,,
108,tran,ok,13.1696611194,20.7137296363,951.749938,1.46773649886,3,0.000101269173027,0.467736498857,,
109,tran,ok,17.7151670144,-4.53102714848,949.67655941,1.35511592982,2,0.000103019482118,0.355115929816,,
110,tran,ok,28.1879110691,8.46375718954,1024.71569127,1.16929750353,1,0.000110094362056,0.169297503526,,
111,tran,ok,15.9806233509,5.15256388061,1005.80564808,1.39799270694,2,0.000102298631754,0.397992706944,,
112,tran,ok,9.41564154165,-5.30256928032,1026.83623212,1.579473465,4,0.00010028017561,0.579473465003,,
113,tran,ok,-2.32964067166,-9.48214380429,989.772774549,2.80321542076,5,9.95171642072e-05,1.80321542076,,
114,tran,ok,19.3989505747,-17.2857771681,984.165867932,1.31997768581,2,0.000103860038602,0.319977685813,,
115,tran,ok,24.3214134859,-13.8856721526,1059.00506404,1.23044839248,2,0.000106941049017,0.230448392476,,
116,tran,ok,0.927043241756,-15.2933968173,1046.61612699,1.90838925921,5,9.9380692333e-05,0.908389259212,,
117,tran,ok,15.1831116168,1.35490884829,1011.97408656,1.41754724334,3,0.000101988232524,0.417547243338,,
118,tran,ok,17.0306383418,-3.76554416274,975.745229243,1.37167192135,2,0.000102720521013,0.371671921349,,
119,tran,ok,23.5305814704,-12.4777037559,973.088026633,1.24071821765,2,0.000106327477394,0.240718217651,,
120,tran,ok,21.1305488137,-2.18280519084,1005.98040878,1.28670859854,2,0.00010483125857,0.286708598539,,
121,tran,ok,26.162081666,8.49804319288,982.402357862,1.19823757485,1,0.000108309573219,0.198237574851,,
122,tran,ok,6.22285295218,-8.45128965192,1026.435829,1.68812288791,5,9.97274614996e-05,0.688122887905,,
123,tran,ok,32.2834014856,-5.9458942817,1013.97862758,1.11376050898,1,0.000114341773595,0.113760508982,,
124,tran,ok,16.2060654422,-6.44013005985,998.400202494,1.39181458179,2,0.000102382175253,0.391814581791,,
125,tran,ok,20.8532224475,-20.3688831925,971.593675702,1.28983075792,2,0.000104636142145,0.289830757918,,
126,tran,ok,41.1945021726,-16.469451519,1028.12129296,1.02460864729,1,0.000128689770058,0.0246086472925,,
127,tran,ok,36.4688472969,-7.55694997018,984.470267289,1.06590320306,1,0.000119976360333,0.0659032030647,,
128,tran,ok,27.4857219197,-4.953505969,985.154893126,1.17753254108,1,0.000109419046385,0.177532541083,,
129,tran,ok,8.12020293636,-7.37130629648,1005.34675435,1.62076371403,5,0.000100020350345,0.62076371403,,
130,tran,ok,27.4190793735,-22.0224545628,1015.45812031,1.17907081112,1,0.000109372274792,0.179070811119,,
131,tran,ok,14.1298512674,-2.77589270224,964.20654774,1.4419563809,3,0.000101586210128,0.441956380898,,
132,tran,ok,15.1349673168,-20.3536934017,1007.6213846,1.41765182142,3,0.000101960196277,0.417651821423,,
133,tran,ok,9.18163738761,5.50433930311,1020.59557864,1.58713022917,4,0.000100231677337,0.587130229171,,
134,tran,ok,15.715722047,-6.21743301293,979.556185194,1.402797211,2,0.000102178188295,0.402797210996,,
135,tran,ok,17.3619498896,-16.7169166128,977.289583051,1.36368698253,2,0.000102864455306,0.363686982528,,
136,tran,ok,19.2600880786,-13.2205460117,1042.37197847,1.32543748533,2,0.000103820600023,0.32543748533,,
137,tran,ok,15.426000034,-6.66411097066,987.510427621,1.41019294336,3,0.000102068543546,0.41019294336,,
138,tran,ok,23.3894784068,5.13780020752,996.625395758,1.24493850776,2,0.0001062615232,0.244938507758,,
139,tran,ok,22.4001292743,-16.8345781605,1011.17245844,1.26249612143,2,0.000105609781831,0.262496121429,,
140,tran,ok,21.2984094499,-3.96675567242,1026.68289151,1.28425025428,2,0.000104943150601,0.284250254281,,
141,tran,ok,19.7143742516,26.41480799,1012.17663761,1.31637565857,2,0.000104062800034,0.316375658573,,
142,tran,ok,36.7552384487,17.0166760916,1021.25235615,1.06545909994,1,0.0001205082722,0.0654590999432,,
143,tran,ok,14.7905541885,-20.0437134929,996.137127199,1.42577272421,3,0.000101827812059,0.425772724215,,
144,tran,ok,15.7993895364,0.527264832237,1023.04731638,1.40286945803,2,0.000102231142063,0.402869458031,,
145,tran,ok,37.1263110915,4.71626176322,1031.87771145,1.06174497654,1,0.000121107818499,0.0617449765395,,
146,tran,ok,36.9166409569,-6.47364208079,991.014553141,1.06169605262,1,0.000120675287555,0.0616960526202,,
147,tran,ok,32.7880792219,-13.3372061963,950.573601171,1.10464403663,1,0.00011485272484,0.104644036626,,
148,tran,ok,6.83864591894,-6.98290485309,1010.01446773,1.6652693625,5,9.98114396456e-05,0.665269362503,,
149,tran,ok,3.17623643218,-5.50393936575,1007.43147684,1.80699401136,5,9.94415108865e-05,0.806994011359,,
150,tran,ok,7.84342037889,-9.11783152631,983.879597587,1.62906552151,5,9.99674110077e-05,0.629065521514,,
151,tran,ok,30.6474405928,-26.6076404269,994.605427253,1.13276156919,1,0.000112456787999,0.132761569194,,
152,tran,ok,17.1999821556,3.18275414208,999.581633047,1.3691490913,2,0.000102810814976,0.369149091298,,
153,tran,ok,28.5144648416,-14.4838945988,993.663853799,1.16242634399,1,0.000110343242753,0.162426343995,,
154,tran,ok,16.0308799327,16.1888411309,987.434013893,1.3964861216,2,0.000102315939246,0.396486121601,,
155,tran,ok,8.19616583708,2.22238569207,1027.44686695,1.6195716487,5,0.000100039696428,0.619571648703,,
156,tran,ok,24.7825571969,1.11035286845,1005.31888591,1.22124840705,1,0.000107256316118,0.221248407055,,
157,tran,ok,29.7202082952,-5.34091686784,964.911802738,1.14481218154,1,0.000111497313257,0.144812181541,,
158,tran,ok,19.4095390233,-12.7212469372,989.129761868,1.32017025858,2,0.000103870764084,0.320170258582,,
159,tran,ok,27.930011661,7.67603488434,1059.68023421,1.17431661249,1,0.000109889398869,0.174316612491,,
160,tran,ok,14.498450462,-9.22658269368,1054.15892455,1.43600142267,3,0.000101746105645,0.436001422668,,
161,tran,ok,31.3436444674,0.863505340156,943.065689147,1.12276402522,1,0.000113191005685,0.122764025219,,
162,tran,ok,37.7794595263,-7.7649555565,975.703598049,1.05265364022,1,0.000122079635312,0.0526536402193,,
163,tran,ok,13.4339291756,-7.21110622461,1007.5125401,1.46189079881,3,0.000101364360686,0.461890798813,,
164,tran,ok,-1.28882197183,4.98881428195,1013.04527705,2.14931984257,5,9.94427220194e-05,1.14931984257,,
165,tran,ok,3.59473877113,7.1904951129,1006.8317622,1.7900855683,5,9.94674699552e-05,0.790085568297,,
166,tran,ok,14.6376866655,-13.8351235446,989.075036865,1.4295923678,3,0.000101771744272,0.429592367798,,
167,tran,ok,17.7988406998,8.73777152132,1013.13174098,1.35655230291,2,0.000103095957212,0.356552302907,,
168,tran,ok,6.14402072989,-1.29244287158,967.626962709,1.68866539763,5,9.9710409654e-05,0.688665397631,,
169,tran,ok,12.2196365479,11.6249620504,987.346538363,1.49491141629,3,0.000100984985753,0.494911416285,,
170,tran,ok,15.9842141886,2.47284509153,1048.66420945,1.39948059988,2,0.000102315288826,0.399480599876,,
171,tran,ok,22.642697478,3.92623780817,998.351380955,1.2583845226,2,0.000105770629969,0.258384522604,,
172,tran,ok,23.0031151272,-9.91210156924,987.692043113,1.25085271926,2,0.000105989076975,0.250852719257,,
173,tran,ok,22.939010048,-4.34783360944,991.952032411,1.252417507,2,0.00010595371697,0.252417507003,,
174,tran,ok,20.042079497,0.194585206734,963.208173438,1.30660808214,2,0.000104197596717,0.306608082135,,
175,tran,ok,25.1576172724,1.1780867373,1003.43834933,1.2149912981,1,0.000107538562777,0.214991298099,,
176,tran,ok,23.8809601463,15.1275468594,972.570918896,1.23571404476,2,0.000106584630197,0.235714044763,,
177,tran,ok,31.282477635,-5.27481684015,965.323067742,1.12425000141,1,0.000113142141433,0.124250001407,,
178,tran,ok,22.0225689576,-5.86590245433,1000.64812755,1.26949037193,2,0.000105371448606,0.269490371932,,
179,tran,ok,33.6360620627,9.35180180791,1025.99495455,1.09882214919,1,0.000116050786391,0.0988221491935,,
180,tran,ok,10.8465542791,-8.44584174394,966.685752091,1.53263048281,4,0.000100597101628,0.532630482813,,
181,tran,ok,19.1212966536,-0.924013017075,997.710848418,1.32705233082,2,0.000103733155532,0.327052330821,,
182,tran,ok,15.6786753147,7.77339823734,1029.76486465,1.40634558844,3,0.000102188618416,0.406345588444,,
183,tran,ok,26.0831422168,7.3921970346,1026.27714459,1.20116816017,1,0.000108280116865,0.201168160168,,
184,tran,ok,34.4533788605,-1.19361803049,982.563838911,1.08743176064,1,0.000117057352692,0.0874317606403,,
185,tran,ok,27.4021896716,-7.97498070482,999.892633089,1.17926065396,1,0.000109356040638,0.179260653963,,
186,tran,ok,16.6198199366,9.10740066031,998.922315657,1.38270717659,2,0.000102559977505,0.382707176595,,
187,tran,ok,19.5885881347,13.9945854972,1012.03694897,1.31848664973,2,0.000103990170331,0.318486649732,,
188,tran,ok,10.3732928155,0.516400645513,1027.06138146,1.54993243753,4,0.00010049858359,0.549932437528,,
189,tran,ok,23.7172207694,2.09188358756,1017.36889865,1.23985049049,2,0.000106494457169,0.239850490491,,
190,tran,ok,0.128086890054,1.03405859965,975.26464592,1.94410221161,5,9.93899866926e-05,0.944102211606,,
191,tran,ok,22.5136155279,14.1142634093,1003.89674775,1.26136535526,2,0.000105697417628,0.261365355255,,
192,tran,ok,25.4967078098,1.9619427475,992.016847003,1.20903511909,1,0.000107790662963,0.209035119088,,
193,tran,ok,24.4973445955,-7.16828721275,1000.72051473,1.2254813305,2,0.000107034189179,0.225481330504,,
194,tran,ok,19.8399222193,-11.7242894111,1012.12331377,1.31229558501,2,0.000104109967809,0.312295585012,,
195,tran,ok,29.3429774929,-3.7302701537,967.115308713,1.15012187221,1,0.000111122567428,0.150121872213,,
196,tran,ok,33.8779952283,3.66321109086,1020.56352877,1.09561229377,1,0.000116346361919,0.0956122937699,,
197,tran,ok,24.9932452364,-1.17877211887,1002.32306621,1.21755320521,1,0.00010741109399,0.21755320521,,
198,tran,ok,20.0812654507,26.644844406,1025.29872882,1.30937618479,2,0.000104265919308,0.309376184792,,
199,tran,ok,31.5780394626,0.582383029087,967.109882758,1.12086130352,1,0.000113485760185,0.120861303518,,
200,tran,ok,4.27679961705,-14.9055725758,984.878080179,1.76033461715,5,9.95145042564e-05,0.760334617153,,
201,tran,ok,6.90799530605,0,1000,1.66267354435,,,,3.574602e-05,3.3253470887
202,tran,ok,20.7202894651,0,1000,1.29453874029,,,,4.395341e-05,2.58907748059
203,tran,ok,26.1350072126,0,1000,1.19903563274,,,,4.827742e-05,2.39807126548
204,tran,ok,10.7097941159,0,1000,1.53859500132,,,,3.76879e-05,3.07719000264
205,tran,ok,15.9103514309,0,1000,1.39923209352,,,,4.070101e-05,2.79846418705
206,tran,ok,33.9570622793,0,1000,1.09375263059,,,,5.627374e-05,2.18750526119
207,tran,ok,33.7318155677,0,1000,1.0963407528,,,,5.600475e-05,2.1926815056
208,tran,ok,23.4670599626,0,1000,1.24349216075,,,,4.604773e-05,2.4869843215
209,tran,ok,14.7209193674,0,1000,1.4285538049,,,,3.997447e-05,2.8571076098
210,tran,ok,18.5944597427,0,1000,1.3383637759,,,,4.245341e-05,2.67672755179
211,tran,ok,14.7115407138,0,1000,1.42879050301,,,,3.996882e-05,2.85758100601
212,tran,ok,2.1083610976,0,1000,1.85305348158,,,,3.355718e-05,3.70610696315
213,tran,ok,16.197040346,0,1000,1.39236578868,,,,4.088063e-05,2.78473157735
214,tran,ok,-3.64477958437,0,1000,4.28442036491,,,,3.125414e-05,8.56884072982
215,tran,ok,22.9078965108,0,1000,1.25348595728,,,,4.560778e-05,2.50697191456
216,tran,ok,36.4940961878,0,1000,1.06660616281,,,,5.946883e-05,2.13321232561
217,tran,ok,22.6671695024,0,1000,1.25784710495,,,,4.541971e-05,2.51569420991
218,tran,ok,15.5321707455,0,1000,1.40840729946,,,,4.0468e-05,2.81681459893
219,tran,ok,26.3644909979,0,1000,1.19540329472,,,,4.847844e-05,2.39080658944
220,tran,ok,14.9493855272,0,1000,1.42281484256,,,,4.011259e-05,2.84562968513
